"지역(읍,면,동)",관리기관명,지번주소,설치목적,위도,경도,임시
제주시,제주특별자치도,제주특별자치도 제주시 이도일동 1294,어린이보호,33.503,126.529,제주시
제주시,제주특별자치도,제주특별자치도 제주시 이도일동 1650-1,어린이보호,33.503,126.526,제주시
제주시,제주특별자치도,제주특별자치도 제주시 삼도일동 273,어린이보호,33.503,126.525,제주시
제주시,제주특별자치도,제주특별자치도 제주시 일도이동 352,어린이보호,33.507,126.538,제주시
제주시,제주특별자치도,제주특별자치도 제주시 일도이동 446,어린이보호,33.508,126.537,제주시
제주시,제주특별자치도,제주특별자치도 제주시 일도이동 1050-1,어린이보호,33.510,126.529,제주시
제주시,제주특별자치도,제주특별자치도 제주시 일도이동 1050-1,어린이보호,33.509,126.529,제주시
제주시,제주특별자치도,제주특별자치도 제주시 화북일동 29-5,어린이보호,33.519,126.576,제주시
제주시,제주특별자치도,제주특별자치도 제주시 화북일동 12-2,어린이보호,33.518,126.576,제주시
제주시,제주특별자치도,제주특별자치도 제주시 화북일동 3907-7,어린이보호,33.518,126.563,제주시
제주시,제주특별자치도,제주특별자치도 제주시 화북일동 3970-3,어린이보호,33.520,126.563,제주시
제주시,제주특별자치도,제주특별자치도 제주시 도평동 872-1,어린이보호,33.480,126.447,제주시
구좌읍,제주특별자치도,제주특별자치도 제주시 구좌읍 동복리 1759,어린이보호,33.553,126.713,제주시
구좌읍,제주특별자치도,제주특별자치도 제주시 구좌읍 동복리 1759,어린이보호,33.552,126.713,제주시
구좌읍,제주특별자치도,제주특별자치도 제주시 구좌읍 세화리 3637,어린이보호,33.522,126.858,제주시
구좌읍,제주특별자치도,제주특별자치도 제주시 구좌읍 종달리 4982,어린이보호,33.492,126.897,제주시
구좌읍,제주특별자치도,제주특별자치도 제주시 구좌읍 한동리 1182-4,어린이보호,33.538,126.829,제주시
구좌읍,제주특별자치도,제주특별자치도 제주시 구좌읍 월정리 101-3,어린이보호,33.551,126.799,제주시
구좌읍,제주특별자치도,제주특별자치도 제주시 구좌읍 김녕리 2121,어린이보호,33.555,126.751,제주시
구좌읍,제주특별자치도,제주특별자치도 제주시 구좌읍 종달리 4982,어린이보호,33.493,126.896,제주시
구좌읍,제주특별자치도,제주특별자치도 제주시 구좌읍 평대리 3344,어린이보호,33.529,126.840,제주시
구좌읍,제주특별자치도,제주특별자치도 제주시 구좌읍 하도리 2322-5,어린이보호,33.518,126.878,제주시
제주시,제주특별자치도,제주특별자치도 제주시 노형동 2584-1,어린이보호,33.486,126.470,제주시
제주시,제주특별자치도,제주특별자치도 제주시 노형동 2584-1,어린이보호,33.487,126.470,제주시
제주시,제주특별자치도,제주특별자치도 제주시 해안동 1948,어린이보호,33.457,126.455,제주시
제주시,제주특별자치도,제주특별자치도 제주시 봉개동 2736,어린이보호,33.491,126.593,제주시
제주시,제주특별자치도,제주특별자치도 제주시 아라일동 6174,어린이보호,33.476,126.545,제주시
제주시,제주특별자치도,제주특별자치도 제주시 영평동 1830-5,어린이보호,33.478,126.568,제주시
제주시,제주특별자치도,제주특별자치도 제주시 연동 2335-4,어린이보호,33.492,126.483,제주시
제주시,제주특별자치도,제주특별자치도 제주시 연동 336,어린이보호,33.484,126.498,제주시
제주시,제주특별자치도,제주특별자치도 제주시 이도이동 1991-1,어린이보호,33.492,126.539,제주시
제주시,제주특별자치도,제주특별자치도 제주시 이도이동 2038,어린이보호,33.488,126.533,제주시
제주시,제주특별자치도,제주특별자치도 제주시 이도이동 695-3,어린이보호,33.490,126.543,제주시
제주시,제주특별자치도,제주특별자치도 제주시 일도이동 1038-1,어린이보호,33.509,126.530,제주시
조천읍,제주특별자치도,제주특별자치도 제주시 조천읍 조천리 2202-1,어린이보호,33.534,126.636,제주시
한림읍,제주특별자치도,제주특별자치도 제주시 한림읍 한림리 1309-3,어린이보호,33.418,126.266,제주시
제주시,제주특별자치도,제주특별자치도 제주시 화북일동 29-9,어린이보호,33.517,126.576,제주시
제주시,제주특별자치도,제주특별자치도 제주시 건입동 1427-5,어린이보호,33.513,126.553,제주시
제주시,제주특별자치도,제주특별자치도 제주시 일도이동 1050-1,어린이보호,33.513,126.533,제주시
구좌읍,제주특별자치도,제주특별자치도 제주시 구좌읍 김녕리 2121,어린이보호,33.556,126.750,제주시
제주시,제주특별자치도,제주특별자치도 제주시 도련일동 1966,어린이보호,33.514,126.578,제주시
제주시,제주특별자치도,제주특별자치도 제주시 삼양이동 2338,어린이보호,33.517,126.586,제주시
제주시,제주특별자치도,제주특별자치도 제주시 아라일동 6175,어린이보호,33.475,126.544,제주시
애월읍,제주특별자치도,제주특별자치도 제주시 애월읍 장전리 1797,어린이보호,33.451,126.388,제주시
애월읍,제주특별자치도,제주특별자치도 제주시 애월읍 하가리 1598-1,어린이보호,33.453,126.345,제주시
제주시,제주특별자치도,제주특별자치도 제주시 용담이동 359-59,어린이보호,33.512,126.512,제주시
제주시,제주특별자치도,제주특별자치도 제주시 일도이동 115-9,어린이보호,33.502,126.548,제주시
조천읍,제주특별자치도,제주특별자치도 제주시 조천읍 함덕리 4172,어린이보호,33.539,126.673,제주시
제주시,제주특별자치도,제주특별자치도 제주시 삼도이동 17-3,어린이보호,33.516,126.523,제주시
제주시,제주특별자치도,제주특별자치도 제주시 삼양이동 2139-5,어린이보호,33.522,126.587,제주시
제주시,제주특별자치도,제주특별자치도 제주시 도련이동 548,어린이보호,33.516,126.586,제주시
제주시,제주특별자치도,제주특별자치도 제주시 도련일동 2002,어린이보호,33.514,126.585,제주시
제주시,제주특별자치도,제주특별자치도 제주시 삼양이동 2681,어린이보호,33.520,126.588,제주시
애월읍,제주특별자치도,제주특별자치도 제주시 애월읍 납읍리 2787,어린이보호,33.436,126.330,제주시
애월읍,제주특별자치도,제주특별자치도 제주시 애월읍 하가리 1582-1,어린이보호,33.453,126.346,제주시
제주시,제주특별자치도,제주특별자치도 제주시 오라이동 3827-6,어린이보호,33.491,126.513,제주시
제주시,제주특별자치도,제주특별자치도 제주시 일도이동 442,어린이보호,33.509,126.537,제주시
한림읍,제주특별자치도,제주특별자치도 제주시 한림읍 협재리 2872,어린이보호,33.390,126.236,제주시
제주시,제주특별자치도,제주특별자치도 제주시 화북일동 1029,어린이보호,33.515,126.576,제주시
구좌읍,제주특별자치도,제주특별자치도 제주시 구좌읍 송당리 1272-2,어린이보호,33.472,126.779,제주시
구좌읍,제주특별자치도,제주특별자치도 제주시 구좌읍 송당리 2774,어린이보호,33.472,126.781,제주시
제주시,제주특별자치도,제주특별자치도 제주시 일도이동 115-7,어린이보호,33.502,126.547,제주시
애월읍,제주특별자치도,제주특별자치도 제주시 애월읍 하귀1리 562,어린이보호,33.484,126.416,제주시
애월읍,제주특별자치도,제주특별자치도 제주시 애월읍 곽지리 2495,어린이보호,33.446,126.309,제주시
한경면,제주특별자치도,제주특별자치도 제주시 한경면 고산리 3452-11,어린이보호,33.304,126.176,제주시
조천읍,제주특별자치도,제주특별자치도 제주시 조천읍 함덕리 4171,어린이보호,33.539,126.674,제주시
조천읍,제주특별자치도,제주특별자치도 제주시 조천읍 함덕리 4172,어린이보호,33.538,126.673,제주시
제주시,제주특별자치도,제주특별자치도 제주시 화북이동 120,생활방범,33.514,126.576,제주시
제주시,제주특별자치도,제주특별자치도 제주시 연동 336,기타,33.483,126.497,제주시
애월읍,제주특별자치도,제주특별자치도 제주시 애월읍 하귀1리 158-1,기타,33.483,126.416,제주시
한림읍,제주특별자치도,제주특별자치도 제주시 한림읍 한림리 1383,기타,33.412,126.261,제주시
애월읍,제주특별자치도,제주특별자치도 제주시 애월읍 곽지리 2495,생활방범,33.447,126.308,제주시
제주시,제주특별자치도,제주특별자치도 제주시 일도일동 936-22,생활방범,33.510,126.528,제주시
제주시,제주특별자치도,제주특별자치도 제주시 용담이동 606-63,생활방범,33.511,126.509,제주시
제주시,제주특별자치도,제주특별자치도 제주시 삼양이동 1496-4,기타,33.521,126.587,제주시
제주시,제주특별자치도,제주특별자치도 제주시 일도이동 157-25,생활방범,33.511,126.542,제주시
제주시,제주특별자치도,제주특별자치도 제주시 일도이동 153-5,어린이보호,33.511,126.543,제주시
제주시,제주특별자치도,제주특별자치도 제주시 화북이동 3532,어린이보호,33.508,126.564,제주시
제주시,제주특별자치도,제주특별자치도 제주시 이도이동 13-2,어린이보호,33.498,126.551,제주시
제주시,제주특별자치도,제주특별자치도 제주시 이도이동 2020-5,어린이보호,33.487,126.539,제주시
제주시,제주특별자치도,제주특별자치도 제주시 노형동 2585-4,어린이보호,33.485,126.471,제주시
애월읍,제주특별자치도,제주특별자치도 제주시 애월읍 곽지리 2495,어린이보호,33.448,126.307,제주시
애월읍,제주특별자치도,제주특별자치도 제주시 애월읍 납읍리 1505-1,어린이보호,33.435,126.330,제주시
애월읍,제주특별자치도,제주특별자치도 제주시 애월읍 하가리 1575-5,어린이보호,33.454,126.346,제주시
애월읍,제주특별자치도,제주특별자치도 제주시 애월읍 장전리 1797,어린이보호,33.450,126.391,제주시
애월읍,제주특별자치도,제주특별자치도 제주시 애월읍 신엄리 3208,어린이보호,33.474,126.375,제주시
애월읍,제주특별자치도,제주특별자치도 제주시 애월읍 수산리 458-5,어린이보호,33.466,126.393,제주시
제주시,제주특별자치도,제주특별자치도 제주시 도평동 1405,어린이보호,33.481,126.446,제주시
제주시,제주특별자치도,제주특별자치도 제주시 이도이동 747,어린이보호,33.489,126.532,제주시
조천읍,제주특별자치도,제주특별자치도 제주시 조천읍 북촌리 2688,어린이보호,33.547,126.693,제주시
조천읍,제주특별자치도,제주특별자치도 제주시 조천읍 신촌리 4005,어린이보호,33.533,126.619,제주시
조천읍,제주특별자치도,제주특별자치도 제주시 조천읍 조천리 3147-1,어린이보호,33.535,126.634,제주시
조천읍,제주특별자치도,제주특별자치도 제주시 조천읍 함덕리 954-37,어린이보호,33.540,126.672,제주시
조천읍,제주특별자치도,제주특별자치도 제주시 조천읍 대흘리 1651-3,어린이보호,33.499,126.659,제주시
조천읍,제주특별자치도,제주특별자치도 제주시 조천읍 함덕리 287-2,어린이보호,33.538,126.672,제주시
한경면,제주특별자치도,제주특별자치도 제주시 한경면 고산리 2750-16,어린이보호,33.304,126.178,제주시
한경면,제주특별자치도,제주특별자치도 제주시 한경면 청수리 417-2,어린이보호,33.326,126.252,제주시
한경면,제주특별자치도,제주특별자치도 제주시 한경면 고산리 2205-1,어린이보호,33.304,126.179,제주시
한림읍,제주특별자치도,제주특별자치도 제주시 한림읍 귀덕리 4174,어린이보호,33.442,126.295,제주시
한림읍,제주특별자치도,제주특별자치도 제주시 한림읍 금악리 3453-22,어린이보호,33.357,126.296,제주시
한림읍,제주특별자치도,제주특별자치도 제주시 한림읍 귀덕리 1018-5,어린이보호,33.444,126.294,제주시
한림읍,제주특별자치도,제주특별자치도 제주시 한림읍 금능리 2031,어린이보호,33.390,126.237,제주시
제주시,제주특별자치도,제주특별자치도 제주시 노형동 1297-2,어린이보호,33.492,126.478,제주시
제주시,제주특별자치도,제주특별자치도 제주시 노형동 1297-4,어린이보호,33.485,126.477,제주시
제주시,제주특별자치도,제주특별자치도 제주시 아라일동 6098,어린이보호,33.476,126.542,제주시
애월읍,제주특별자치도,제주특별자치도 제주시 애월읍 광령리 4227,어린이보호,33.450,126.438,제주시
애월읍,제주특별자치도,제주특별자치도 제주시 애월읍 하귀1리 565,어린이보호,33.484,126.415,제주시
애월읍,제주특별자치도,제주특별자치도 제주시 애월읍 광령리 4227,어린이보호,33.448,126.436,제주시
제주시,제주특별자치도,제주특별자치도 제주시 아라일동 6101,생활방범,33.477,126.544,제주시
제주시,제주특별자치도,제주특별자치도 제주시 이도이동 695-3,생활방범,33.490,126.544,제주시
한림읍,제주특별자치도,제주특별자치도 제주시 한림읍 한림리 1582,생활방범,33.410,126.263,제주시
제주시,제주특별자치도,제주특별자치도 제주시 삼양이동 2336,생활방범,33.520,126.586,제주시
제주시,제주특별자치도,제주특별자치도 제주시 이도일동 1294,생활방범,33.503,126.530,제주시
한림읍,제주특별자치도,제주특별자치도 제주시 한림읍 한림리 1494-5,생활방범,33.410,126.261,제주시
제주시,제주특별자치도,제주특별자치도 제주시 화북이동 4942-8,생활방범,33.513,126.554,제주시
제주시,제주특별자치도,제주특별자치도 제주시 이도일동 1294,생활방범,33.502,126.529,제주시
제주시,제주특별자치도,제주특별자치도 제주시 도남동 91-1,생활방범,33.493,126.527,제주시
제주시,제주특별자치도,제주특별자치도 제주시 일도이동 341-4,생활방범,33.506,126.538,제주시
제주시,제주특별자치도,제주특별자치도 제주시 용담이동 358-33,생활방범,33.511,126.512,제주시
제주시,제주특별자치도,제주특별자치도 제주시 도두일동 2439-1,생활방범,33.502,126.466,제주시
제주시,제주특별자치도,제주특별자치도 제주시 삼도이동 1053-10,생활방범,33.515,126.521,제주시
제주시,제주특별자치도,제주특별자치도 제주시 삼도이동 1053-4,생활방범,33.515,126.522,제주시
제주시,제주특별자치도,제주특별자치도 제주시 삼도이동 1222-2,생활방범,33.516,126.522,제주시
제주시,제주특별자치도,제주특별자치도 제주시 영평동 1873-3,생활방범,33.477,126.568,제주시
제주시,제주특별자치도,제주특별자치도 제주시 이도이동 2062,생활방범,33.491,126.540,제주시
제주시,제주특별자치도,제주특별자치도 제주시 연동 1546,생활방범,33.478,126.487,제주시
구좌읍,제주특별자치도,제주특별자치도 제주시 구좌읍 한동리 4848,생활방범,33.539,126.830,제주시
한림읍,제주특별자치도,제주특별자치도 제주시 한림읍 한림리 1582,생활방범,33.411,126.264,제주시
제주시,제주특별자치도,제주특별자치도 제주시 삼도이동 1222-28,생활방범,33.510,126.522,제주시
제주시,제주특별자치도,제주특별자치도 제주시 용담일동 2583,생활방범,33.508,126.513,제주시
제주시,제주특별자치도,제주특별자치도 제주시 건입동 1077-25,생활방범,33.515,126.534,제주시
조천읍,제주특별자치도,제주특별자치도 제주시 조천읍 선흘리 4199,생활방범,33.514,126.705,제주시
제주시,제주특별자치도,제주특별자치도 제주시 이도이동 1972-7,생활방범,33.493,126.541,제주시
제주시,제주특별자치도,제주특별자치도 제주시 건입동 1105-38,어린이보호,33.515,126.533,제주시
제주시,제주특별자치도,제주특별자치도 제주시 노형동 2617-3,어린이보호,33.484,126.476,제주시
제주시,제주특별자치도,제주특별자치도 제주시 노형동 2617-3,어린이보호,33.485,126.475,제주시
제주시,제주특별자치도,제주특별자치도 제주시 삼도이동 17-3,어린이보호,33.515,126.523,제주시
제주시,제주특별자치도,제주특별자치도 제주시 외도이동 251-1,어린이보호,33.493,126.434,제주시
제주시,제주특별자치도,제주특별자치도 제주시 외도이동 235-1,어린이보호,33.493,126.435,제주시
제주시,제주특별자치도,제주특별자치도 제주시 일도이동 115-7,어린이보호,33.501,126.547,제주시
제주시,제주특별자치도,제주특별자치도 제주시 도남동 845-1,어린이보호,33.494,126.526,제주시
제주시,제주특별자치도,제주특별자치도 제주시 도남동 848-23,어린이보호,33.494,126.525,제주시
제주시,제주특별자치도,제주특별자치도 제주시 삼도일동 585-1,어린이보호,33.502,126.516,제주시
제주시,제주특별자치도,제주특별자치도 제주시 삼도일동 585,어린이보호,33.503,126.515,제주시
제주시,제주특별자치도,제주특별자치도 제주시 삼양이동 2196-1,어린이보호,33.520,126.585,제주시
제주시,제주특별자치도,제주특별자치도 제주시 연동 2335-2,어린이보호,33.493,126.485,제주시
제주시,제주특별자치도,제주특별자치도 제주시 연동 2335-2,어린이보호,33.491,126.484,제주시
제주시,제주특별자치도,제주특별자치도 제주시 연동 336,어린이보호,33.482,126.498,제주시
제주시,제주특별자치도,제주특별자치도 제주시 연동 336,어린이보호,33.482,126.497,제주시
제주시,제주특별자치도,제주특별자치도 제주시 용담이동 603-102,어린이보호,33.513,126.510,제주시
제주시,제주특별자치도,제주특별자치도 제주시 용담이동 603-3,어린이보호,33.511,126.511,제주시
한경면,제주특별자치도,제주특별자치도 제주시 한경면 신창리 1481,어린이보호,33.350,126.183,제주시
한림읍,제주특별자치도,제주특별자치도 제주시 한림읍 한림리 1379-11,어린이보호,33.412,126.260,제주시
한림읍,제주특별자치도,제주특별자치도 제주시 한림읍 한림리 1383,어린이보호,33.411,126.262,제주시
제주시,제주특별자치도,제주특별자치도 제주시 도두일동 2612-43,어린이보호,33.501,126.466,제주시
애월읍,제주특별자치도,제주특별자치도 제주시 애월읍 광령리 4227,어린이보호,33.461,126.437,제주시
애월읍,제주특별자치도,제주특별자치도 제주시 애월읍 애월리 549-2,어린이보호,33.464,126.323,제주시
애월읍,제주특별자치도,제주특별자치도 제주시 애월읍 애월리 1584-5,어린이보호,33.464,126.320,제주시
애월읍,제주특별자치도,제주특별자치도 제주시 애월읍 봉성리 3821-3,어린이보호,33.419,126.313,제주시
애월읍,제주특별자치도,제주특별자치도 제주시 애월읍 하귀2리 1909-12,어린이보호,33.480,126.402,제주시
한림읍,제주특별자치도,제주특별자치도 제주시 한림읍 대림리 1147-2,어린이보호,33.426,126.270,제주시
제주시,제주특별자치도,제주특별자치도 제주시 노형동 1072-1,어린이보호,33.492,126.479,제주시
제주시,제주특별자치도,제주특별자치도 제주시 노형동 1297-1,어린이보호,33.493,126.477,제주시
제주시,제주특별자치도,제주특별자치도 제주시 노형동 754-3,어린이보호,33.477,126.487,제주시
제주시,제주특별자치도,제주특별자치도 제주시 노형동 754-2,어린이보호,33.479,126.487,제주시
제주시,제주특별자치도,제주특별자치도 제주시 오라이동 1384-1,어린이보호,33.489,126.514,제주시
제주시,제주특별자치도,제주특별자치도 제주시 오라이동 1373-3,어린이보호,33.489,126.512,제주시
제주시,제주특별자치도,제주특별자치도 제주시 이도이동 538-18,어린이보호,33.493,126.539,제주시
제주시,제주특별자치도,제주특별자치도 제주시 삼도이동 811-21,어린이보호,33.509,126.522,제주시
제주시,제주특별자치도,제주특별자치도 제주시 용담일동 254-1,어린이보호,33.507,126.513,제주시
제주시,제주특별자치도,제주특별자치도 제주시 용담일동 2583,어린이보호,33.507,126.512,제주시
제주시,제주특별자치도,제주특별자치도 제주시 이도일동 1294,어린이보호,33.502,126.531,제주시
대정읍,제주특별자치도,제주특별자치도 서귀포시 대정읍 상모리 3870,어린이보호,33.225,126.256,서귀포시
대정읍,제주특별자치도,제주특별자치도 서귀포시 대정읍 하모리 1552-3,어린이보호,33.224,126.255,서귀포시
대정읍,제주특별자치도,제주특별자치도 서귀포시 대정읍 하모리 1560-2,어린이보호,33.226,126.255,서귀포시
안덕면,제주특별자치도,제주특별자치도 서귀포시 안덕면 사계리 1772-2,어린이보호,33.232,126.300,서귀포시
서귀포시,제주특별자치도,제주특별자치도 서귀포시 상예동 1152-3,어린이보호,33.246,126.392,서귀포시
서귀포시,제주특별자치도,제주특별자치도 서귀포시 상예동 1250-2,생활방범,33.247,126.391,서귀포시
서귀포시,제주특별자치도,제주특별자치도 서귀포시 하예동 3-2,어린이보호,33.246,126.391,서귀포시
서귀포시,제주특별자치도,제주특별자치도 서귀포시 강정동 5652,어린이보호,33.235,126.479,서귀포시
서귀포시,제주특별자치도,제주특별자치도 서귀포시 강정동 5652,어린이보호,33.235,126.480,서귀포시
서귀포시,제주특별자치도,제주특별자치도 서귀포시 강정동 5652,어린이보호,33.236,126.479,서귀포시
서귀포시,제주특별자치도,제주특별자치도 서귀포시 하원동 1336-2,어린이보호,33.254,126.459,서귀포시
서귀포시,제주특별자치도,제주특별자치도 서귀포시 하원동 323-1,어린이보호,33.252,126.460,서귀포시
서귀포시,제주특별자치도,제주특별자치도 서귀포시 월평동 239-7,어린이보호,33.254,126.460,서귀포시
서귀포시,제주특별자치도,제주특별자치도 서귀포시 하효동 123-4,어린이보호,33.264,126.618,서귀포시
서귀포시,제주특별자치도,제주특별자치도 서귀포시 하효동 151-2,어린이보호,33.264,126.616,서귀포시
서귀포시,제주특별자치도,제주특별자치도 서귀포시 신효동 841,생활방범,33.264,126.614,서귀포시
남원읍,제주특별자치도,제주특별자치도 서귀포시 남원읍 위미리 3247-2,어린이보호,33.275,126.654,서귀포시
남원읍,제주특별자치도,제주특별자치도 서귀포시 남원읍 위미리 4610,어린이보호,33.273,126.654,서귀포시
표선면,제주특별자치도,제주특별자치도 서귀포시 표선면 표선리 512-14,어린이보호,33.329,126.834,서귀포시
표선면,제주특별자치도,제주특별자치도 서귀포시 표선면 표선리 2954,어린이보호,33.329,126.836,서귀포시
표선면,제주특별자치도,제주특별자치도 서귀포시 표선면 표선리 458-3,어린이보호,33.329,126.835,서귀포시
성산읍,제주특별자치도,제주특별자치도 서귀포시 성산읍 온평리 2822,어린이보호,33.408,126.897,서귀포시
성산읍,제주특별자치도,제주특별자치도 서귀포시 성산읍 시흥리 2644,어린이보호,33.479,126.896,서귀포시
성산읍,제주특별자치도,제주특별자치도 서귀포시 성산읍 고성리 2747,어린이보호,33.449,126.915,서귀포시
성산읍,제주특별자치도,제주특별자치도 서귀포시 성산읍 신산리 963-4,어린이보호,33.381,126.876,서귀포시
대정읍,제주특별자치도,제주특별자치도 서귀포시 대정읍 구억리 1141,어린이보호,33.288,126.285,서귀포시
대정읍,제주특별자치도,제주특별자치도 서귀포시 대정읍 구억리 1079,어린이보호,33.296,126.289,서귀포시
대정읍,제주특별자치도,제주특별자치도 서귀포시 대정읍 구억리 1080,어린이보호,33.296,126.292,서귀포시
대정읍,제주특별자치도,제주특별자치도 서귀포시 대정읍 구억리 1143,어린이보호,33.287,126.287,서귀포시
남원읍,제주특별자치도,제주특별자치도 서귀포시 남원읍 신례리 822-1,어린이보호,33.285,126.633,서귀포시
남원읍,제주특별자치도,제주특별자치도 서귀포시 남원읍 신례리 822-3,어린이보호,33.284,126.632,서귀포시
서귀포시,제주특별자치도,제주특별자치도 서귀포시 서귀동 570-13,어린이보호,33.243,126.565,서귀포시
서귀포시,제주특별자치도,제주특별자치도 서귀포시 서귀동 558-3,어린이보호,33.243,126.566,서귀포시
서귀포시,제주특별자치도,제주특별자치도 서귀포시 서귀동 54-1,어린이보호,33.244,126.567,서귀포시
서귀포시,제주특별자치도,제주특별자치도 서귀포시 서홍동 433-1,어린이보호,33.254,126.557,서귀포시
서귀포시,제주특별자치도,제주특별자치도 서귀포시 서홍동 370-1,어린이보호,33.254,126.556,서귀포시
서귀포시,제주특별자치도,제주특별자치도 서귀포시 서홍동 364-5,기타,33.255,126.557,서귀포시
서귀포시,제주특별자치도,제주특별자치도 서귀포시 서홍동 451,어린이보호,33.253,126.558,서귀포시
서귀포시,제주특별자치도,제주특별자치도 서귀포시 서호동 1481,어린이보호,33.256,126.513,서귀포시
성산읍,제주특별자치도,제주특별자치도 서귀포시 성산읍 성산리 334-1,어린이보호,33.468,126.931,서귀포시
서귀포시,제주특별자치도,제주특별자치도 서귀포시 동홍동 588-15,어린이보호,33.259,126.569,서귀포시
서귀포시,제주특별자치도,제주특별자치도 서귀포시 동홍동 589-11,어린이보호,33.259,126.570,서귀포시
서귀포시,제주특별자치도,제주특별자치도 서귀포시 동홍동 657-6,어린이보호,33.253,126.572,서귀포시
표선면,제주특별자치도,제주특별자치도 서귀포시 표선면 성읍리 992-2,어린이보호,33.383,126.800,서귀포시
성산읍,제주특별자치도,제주특별자치도 서귀포시 성산읍 오조리 61-13,어린이보호,33.453,126.914,서귀포시
성산읍,제주특별자치도,제주특별자치도 서귀포시 성산읍 오조리 2210,생활방범,33.455,126.913,서귀포시
대정읍,제주특별자치도,제주특별자치도 서귀포시 대정읍 가파리 464,기타,33.169,126.271,서귀포시
성산읍,제주특별자치도,제주특별자치도 서귀포시 성산읍 수산리 4764,어린이보호,33.446,126.886,서귀포시
성산읍,제주특별자치도,제주특별자치도 서귀포시 성산읍 수산리 4764,어린이보호,33.447,126.885,서귀포시
안덕면,제주특별자치도,제주특별자치도 서귀포시 안덕면 화순리 1928,어린이보호,33.250,126.335,서귀포시
안덕면,제주특별자치도,제주특별자치도 서귀포시 안덕면 화순리 1293-2,어린이보호,33.249,126.336,서귀포시
안덕면,제주특별자치도,제주특별자치도 서귀포시 안덕면 화순리 1141-2,어린이보호,33.250,126.334,서귀포시
남원읍,제주특별자치도,제주특별자치도 서귀포시 남원읍 의귀리 1483-3,어린이보호,33.311,126.715,서귀포시
남원읍,제주특별자치도,제주특별자치도 서귀포시 남원읍 의귀리 1483-15,어린이보호,33.310,126.715,서귀포시
남원읍,제주특별자치도,제주특별자치도 서귀포시 남원읍 의귀리 1424,어린이보호,33.310,126.714,서귀포시
서귀포시,제주특별자치도,제주특별자치도 서귀포시 토평동 1220-7,어린이보호,33.266,126.590,서귀포시
서귀포시,제주특별자치도,제주특별자치도 서귀포시 토평동 1209-1,어린이보호,33.266,126.589,서귀포시
서귀포시,제주특별자치도,제주특별자치도 서귀포시 토평동 1140-1,생활방범,33.264,126.589,서귀포시
표선면,제주특별자치도,제주특별자치도 서귀포시 표선면 하천리 1805-7,어린이보호,33.353,126.814,서귀포시
안덕면,제주특별자치도,제주특별자치도 서귀포시 안덕면 창천리 480-5,기타,33.263,126.369,서귀포시
안덕면,제주특별자치도,제주특별자치도 서귀포시 안덕면 창천리 467-3,어린이보호,33.264,126.369,서귀포시
서귀포시,제주특별자치도,제주특별자치도 서귀포시 중문동 2800,어린이보호,33.252,126.430,서귀포시
서귀포시,제주특별자치도,제주특별자치도 서귀포시 중문동 1934-3,어린이보호,33.251,126.429,서귀포시
서귀포시,제주특별자치도,제주특별자치도 서귀포시 중문동 1971-7,어린이보호,33.252,126.428,서귀포시
남원읍,제주특별자치도,제주특별자치도 서귀포시 남원읍 태흥리 966-3,어린이보호,33.286,126.742,서귀포시
남원읍,제주특별자치도,제주특별자치도 서귀포시 남원읍 태흥리 2003,어린이보호,33.285,126.743,서귀포시
성산읍,제주특별자치도,제주특별자치도 서귀포시 성산읍 신천리 1085,어린이보호,33.346,126.852,서귀포시
성산읍,제주특별자치도,제주특별자치도 서귀포시 성산읍 신천리 596-4,어린이보호,33.347,126.852,서귀포시
남원읍,제주특별자치도,제주특별자치도 서귀포시 남원읍 신흥리 173-8,어린이보호,33.300,126.766,서귀포시
서귀포시,제주특별자치도,제주특별자치도 서귀포시 호근동 1421-5,어린이보호,33.253,126.530,서귀포시
서귀포시,제주특별자치도,제주특별자치도 서귀포시 호근동 2142,어린이보호,33.254,126.530,서귀포시
서귀포시,제주특별자치도,제주특별자치도 서귀포시 호근동 1726-1,어린이보호,33.254,126.527,서귀포시
서귀포시,제주특별자치도,제주특별자치도 서귀포시 상효동 1290-10,어린이보호,33.292,126.595,서귀포시
서귀포시,제주특별자치도,제주특별자치도 서귀포시 상효동 1288-16,어린이보호,33.293,126.595,서귀포시
안덕면,제주특별자치도,제주특별자치도 서귀포시 안덕면 서광리 337-4,어린이보호,33.288,126.326,서귀포시
대정읍,제주특별자치도,제주특별자치도 서귀포시 대정읍 인성리 728,어린이보호,33.249,126.277,서귀포시
대정읍,제주특별자치도,제주특별자치도 서귀포시 대정읍 보성리 1629-1,어린이보호,33.250,126.276,서귀포시
서귀포시,제주특별자치도,제주특별자치도 서귀포시 보목동 1637,어린이보호,33.244,126.600,서귀포시
서귀포시,제주특별자치도,제주특별자치도 서귀포시 보목동 891,어린이보호,33.245,126.600,서귀포시
서귀포시,제주특별자치도,제주특별자치도 서귀포시 법환동 1289-4,어린이보호,33.237,126.509,서귀포시
서귀포시,제주특별자치도,제주특별자치도 서귀포시 도순동 368-1,생활방범,33.248,126.478,서귀포시
서귀포시,제주특별자치도,제주특별자치도 서귀포시 도순동 1372,어린이보호,33.248,126.477,서귀포시
서귀포시,제주특별자치도,제주특별자치도 서귀포시 도순동 1372,어린이보호,33.250,126.478,서귀포시
대정읍,제주특별자치도,제주특별자치도 서귀포시 대정읍 동일리 3168-3,어린이보호,33.232,126.238,서귀포시
남원읍,제주특별자치도,제주특별자치도 서귀포시 남원읍 남원리 1344,어린이보호,33.278,126.716,서귀포시
남원읍,제주특별자치도,제주특별자치도 서귀포시 남원읍 남원리 1304-3,어린이보호,33.279,126.715,서귀포시
남원읍,제주특별자치도,제주특별자치도 서귀포시 남원읍 남원리 1345-8,어린이보호,33.278,126.715,서귀포시
남원읍,제주특별자치도,제주특별자치도 서귀포시 남원읍 남원리 2490-115,어린이보호,33.281,126.717,서귀포시
표선면,제주특별자치도,제주특별자치도 서귀포시 표선면 세화리 1538-3,어린이보호,33.306,126.800,서귀포시
서귀포시,제주특별자치도,제주특별자치도 서귀포시 서홍동 324-9,어린이보호,33.260,126.558,서귀포시
서귀포시,제주특별자치도,제주특별자치도 서귀포시 동홍동 2187,어린이보호,33.261,126.559,서귀포시
서귀포시,제주특별자치도,제주특별자치도 서귀포시 서귀동 339,어린이보호,33.252,126.563,서귀포시
서귀포시,제주특별자치도,제주특별자치도 서귀포시 서귀동 335,기타,33.252,126.562,서귀포시
서귀포시,제주특별자치도,제주특별자치도 서귀포시 서귀동 339,어린이보호,33.254,126.566,서귀포시
서귀포시,제주특별자치도,제주특별자치도 서귀포시 서귀동 339,생활방범,33.252,126.565,서귀포시
서귀포시,제주특별자치도,제주특별자치도 서귀포시 서귀동 283-3,어린이보호,33.253,126.564,서귀포시
서귀포시,제주특별자치도,제주특별자치도 서귀포시 서귀동 283-7,어린이보호,33.254,126.564,서귀포시
대정읍,제주특별자치도,제주특별자치도 서귀포시 대정읍 무릉리 3288-2,어린이보호,33.272,126.201,서귀포시
제주시,제주시 교통행정과,제주특별자치도 제주시 이도이동 1179-24,교통단속,33.499,126.531,제주시
제주시,제주시 교통행정과,제주특별자치도 제주시 이도이동 1768-27,교통단속,33.499,126.530,제주시
제주시,제주시 교통행정과,제주특별자치도 제주시 노형동 3784-1,교통단속,33.484,126.480,제주시
제주시,제주시 교통행정과,제주특별자치도 제주시 오라일동 2441-1,교통단속,33.500,126.515,제주시
제주시,제주시 교통행정과,제주특별자치도 제주시 일도이동 457,교통단속,33.505,126.542,제주시
제주시,제주시 교통행정과,제주특별자치도 제주시 연동 273-1,교통단속,33.488,126.490,제주시
제주시,제주시 교통행정과,제주특별자치도 제주시 용담2동 2002,교통단속,33.507,126.494,제주시
제주시,제주시 교통행정과,제주특별자치도 제주시 용담2동 2002,교통단속,33.506,126.493,제주시
제주시,제주시 교통행정과,제주특별자치도 제주시 용담2동 2002,교통단속,33.506,126.494,제주시
제주시,제주시 교통행정과,제주특별자치도 제주시 용담2동 2002,교통단속,33.506,126.496,제주시
제주시,제주시 교통행정과,제주특별자치도 제주시 용담2동 2002,교통단속,33.505,126.492,제주시
제주시,제주시 교통행정과,제주특별자치도 제주시 용담2동 2002,교통단속,33.504,126.494,제주시
제주시,제주시 교통행정과,제주특별자치도 제주시 용담이동 1462-2,교통단속,33.505,126.495,제주시
제주시,제주시 교통행정과,제주특별자치도 제주시 노형동 1294-1,교통단속,33.488,126.483,제주시
제주시,제주시 교통행정과,제주특별자치도 제주시 노형동 725-4,교통단속,33.482,126.486,제주시
제주시,제주시 교통행정과,제주특별자치도 제주시 노형동 710-1,교통단속,33.482,126.483,제주시
제주시,제주시 교통행정과,제주특별자치도 제주시 노형동 2529-3,교통단속,33.486,126.472,제주시
제주시,제주시 교통행정과,제주특별자치도 제주시 노형동 2511-4,교통단속,33.484,126.470,제주시
제주시,제주시 교통행정과,제주특별자치도 제주시 노형동 1043-5,교통단속,33.489,126.476,제주시
제주시,제주시 교통행정과,제주특별자치도 제주시 이도일동 1736-16,교통단속,33.501,126.529,제주시
제주시,제주시 교통행정과,제주특별자치도 제주시 이도이동 1776-15,교통단속,33.500,126.527,제주시
제주시,제주시 교통행정과,제주특별자치도 제주시 이도이동 1080-8,교통단속,33.492,126.536,제주시
제주시,제주시 교통행정과,제주특별자치도 제주시 이도이동 1941-6,교통단속,33.496,126.547,제주시
제주시,제주시 교통행정과,제주특별자치도 제주시 이도이동 75-2,교통단속,33.494,126.549,제주시
제주시,제주시 교통행정과,제주특별자치도 제주시 일도이동 49-5,교통단속,33.502,126.543,제주시
제주시,제주시 교통행정과,제주특별자치도 제주시 이도이동 417-3,교통단속,33.499,126.545,제주시
제주시,제주시 교통행정과,제주특별자치도 제주시 연동 272-31,교통단속,33.489,126.491,제주시
제주시,제주시 교통행정과,제주특별자치도 제주시 노형동 1065-3,교통단속,33.487,126.478,제주시
제주시,제주시 교통행정과,제주특별자치도 제주시 연동 309,교통단속,33.484,126.496,제주시
제주시,제주시 교통행정과,제주특별자치도 제주시 아라이동 3003-9,교통단속,33.492,126.543,제주시
제주시,제주시 교통행정과,제주특별자치도 제주시 노형동 2733-3,교통단속,33.492,126.473,제주시
제주시,제주시 교통행정과,제주특별자치도 제주시 노형동 2736,교통단속,33.492,126.472,제주시
제주시,제주시 교통행정과,제주특별자치도 제주시 노형동 2577-4,교통단속,33.490,126.475,제주시
제주시,제주시 교통행정과,제주특별자치도 제주시 화북일동 1154-17,교통단속,33.519,126.573,제주시
제주시,제주시 교통행정과,제주특별자치도 제주시 삼도일동 568-1,교통단속,33.498,126.520,제주시
제주시,제주시 교통행정과,제주특별자치도 제주시 오라일동 2452-6,교통단속,33.497,126.520,제주시
제주시,제주시 교통행정과,제주특별자치도 제주시 연동 273-35,교통단속,33.487,126.491,제주시
한림읍,제주시 교통행정과,제주특별자치도 제주시 한림읍 한림리 1314-11,교통단속,33.416,126.265,제주시
한림읍,제주시 교통행정과,제주특별자치도 제주시 한림읍 한림리 1073,교통단속,33.415,126.265,제주시
한림읍,제주시 교통행정과,제주특별자치도 제주시 한림읍 한림리 1365-1,교통단속,33.414,126.263,제주시
애월읍,제주시 교통행정과,제주특별자치도 제주시 애월읍 애월리 2470-10,교통단속,33.461,126.312,제주시
애월읍,제주시 교통행정과,제주특별자치도 제주시 애월읍 애월리 2008-4,교통단속,33.463,126.314,제주시
제주시,제주시 교통행정과,제주특별자치도 제주시 봉개동 1890-1,교통단속,33.489,126.594,제주시
제주시,제주시 교통행정과,제주특별자치도 제주시 노형동 945,교통단속,33.484,126.486,제주시
제주시,제주시 교통행정과,제주특별자치도 제주시 신대로 19길,교통단속,33.484,126.499,제주시
제주시,제주시 교통행정과,제주특별자치도 제주시 과원북2길 24,교통단속,33.479,126.485,제주시
제주시,제주시 교통행정과,제주특별자치도 제주시 화북일동 29-6,교통단속,33.517,126.577,제주시
제주시,제주시 교통행정과,제주특별자치도 제주시 남성로 11길,교통단속,33.506,126.513,제주시
제주시,제주시 교통행정과,제주특별자치도 제주시 삼성로 9길,교통단속,33.510,126.530,제주시
제주시,제주시 교통행정과,제주특별자치도 제주시 외도일동 559-1,교통단속,33.487,126.432,제주시
제주시,제주시 교통행정과,제주특별자치도 제주시 우정로 15길 5,교통단속,33.486,126.432,제주시
제주시,제주시 교통행정과,제주특별자치도 제주시 노형동 1297-2,교통단속,33.492,126.477,제주시
제주시,제주시 교통행정과,제주특별자치도 제주시 도남동 1049,교통단속,33.491,126.520,제주시
제주시,제주시 교통행정과,제주특별자치도 제주시 도남동 1049,교통단속,33.490,126.519,제주시
제주시,제주시 교통행정과,제주특별자치도 제주시 한림리 1115-2,교통단속,33.413,126.265,제주시
제주시,제주시 교통행정과,제주특별자치도 제주시 외도일동 559-3,교통단속,33.486,126.433,제주시
제주시,제주시 교통행정과,제주특별자치도 제주시 연동 262-34,교통단속,33.486,126.488,제주시
제주시,제주시 교통행정과,제주특별자치도 제주시 노형동 917-3,교통단속,33.486,126.485,제주시
제주시,제주시 교통행정과,제주특별자치도 제주시 아라일동 1803-8,교통단속,33.469,126.547,제주시
제주시,제주시 교통행정과,제주특별자치도 제주시 아라일동 6138-3,교통단속,33.472,126.546,제주시
제주시,제주시 교통행정과,제주특별자치도 제주시 아라일동 6105-22,교통단속,33.474,126.546,제주시
제주시,제주시 교통행정과,제주특별자치도 제주시 이도이동 398-22,교통단속,33.496,126.539,제주시
제주시,제주시 교통행정과,제주특별자치도 제주시 연동 353-1,교통단속,33.486,126.502,제주시
제주시,제주시 교통행정과,제주특별자치도 제주시 연동 324-1,교통단속,33.486,126.500,제주시
제주시,제주시 교통행정과,제주특별자치도 제주시 노형동 937-15,교통단속,33.484,126.485,제주시
제주시,제주시 교통행정과,제주특별자치도 제주시 노형동 3810-1,교통단속,33.480,126.475,제주시
제주시,제주시 교통행정과,제주특별자치도 제주시 노형동 720-4,교통단속,33.481,126.483,제주시
제주시,제주시 교통행정과,제주특별자치도 제주시 노형동 724-1,교통단속,33.481,126.485,제주시
제주시,제주시 교통행정과,제주특별자치도 제주시 연동 1397,교통단속,33.481,126.487,제주시
제주시,제주시 교통행정과,제주특별자치도 제주시 이도이동 314-4,교통단속,33.504,126.536,제주시
제주시,제주시 교통행정과,제주특별자치도 제주시 일도이동 167-8,교통단속,33.508,126.534,제주시
제주시,제주시 교통행정과,제주특별자치도 제주시 일도일동 1145-4,교통단속,33.513,126.527,제주시
제주시,제주시 교통행정과,제주특별자치도 제주시 일도일동 1477-7,교통단속,33.513,126.521,제주시
제주시,제주시 교통행정과,제주특별자치도 제주시 연동 282-13,교통단속,33.489,126.492,제주시
제주시,제주시 교통행정과,제주특별자치도 제주시 삼도일동 518-5,교통단속,33.500,126.517,제주시
제주시,제주시 교통행정과,제주특별자치도 제주시 연동 260-9,교통단속,33.491,126.489,제주시
제주시,제주시 교통행정과,제주특별자치도 제주시 연동 2332-6,교통단속,33.492,126.490,제주시
제주시,제주시 교통행정과,제주특별자치도 제주시 연동 271-6,교통단속,33.490,126.490,제주시
제주시,제주시 교통행정과,제주특별자치도 제주시 용담일동 2824-7,교통단속,33.500,126.513,제주시
제주시,제주시 교통행정과,제주특별자치도 제주시 일도일동 1306-13,교통단속,33.515,126.527,제주시
제주시,제주시 교통행정과,제주특별자치도 제주시 일도일동 1476-1,교통단속,33.514,126.526,제주시
제주시,제주시 교통행정과,제주특별자치도 제주시 도남동 663-16,교통단속,33.490,126.526,제주시
제주시,제주시 교통행정과,제주특별자치도 제주시 도남동 694-6,교통단속,33.490,126.523,제주시
제주시,제주시 교통행정과,제주특별자치도 제주시 오라일동 2444-10,교통단속,33.498,126.514,제주시
제주시,제주시 교통행정과,제주특별자치도 제주시 일도이동 1046-11,교통단속,33.506,126.530,제주시
제주시,제주시 교통행정과,제주특별자치도 제주시 삼도이동 142-3,교통단속,33.511,126.523,제주시
제주시,제주시 교통행정과,제주특별자치도 제주시 아라일동 6118-5,교통단속,33.476,126.550,제주시
제주시,제주시 교통행정과,제주특별자치도 제주시 아라일동 6122,교통단속,33.474,126.550,제주시
제주시,제주시 교통행정과,제주특별자치도 제주시 아라일동 6097-27,교통단속,33.474,126.542,제주시
애월읍,제주시 교통행정과,제주특별자치도 제주시 애월읍 하귀1리 165-1,교통단속,33.482,126.415,제주시
조천읍,제주시 교통행정과,제주특별자치도 제주시 조천읍 함덕리 1016-3,교통단속,33.543,126.662,제주시
조천읍,제주시 교통행정과,제주특별자치도 제주시 조천읍 함덕리 1252-4,교통단속,33.542,126.665,제주시
제주시,제주시 교통행정과,제주특별자치도 제주시 일도일동 1277-14,교통단속,33.515,126.525,제주시
제주시,제주시 교통행정과,제주특별자치도 제주시 중앙로 13,교통단속,33.517,126.525,제주시
제주시,제주시 교통행정과,제주특별자치도 제주시 일도일동 1189,교통단속,33.515,126.529,제주시
제주시,제주시 교통행정과,제주특별자치도 제주시 건입동 1164,교통단속,33.516,126.530,제주시
제주시,제주시 교통행정과,제주특별자치도 제주시 중앙로13길 27,교통단속,33.511,126.527,제주시
제주시,제주시 교통행정과,제주특별자치도 제주시 일도일동 1104,교통단속,33.512,126.529,제주시
제주시,제주시 교통행정과,제주특별자치도 제주시 연동 321-12,교통단속,33.492,126.502,제주시
제주시,제주시 교통행정과,제주특별자치도 제주시 오라삼동 2912-5,교통단속,33.490,126.502,제주시
제주시,제주시 교통행정과,제주특별자치도 제주시 연동 322-16,교통단속,33.488,126.502,제주시
제주시,제주시 교통행정과,제주특별자치도 제주시 연동 324-22,교통단속,33.484,126.502,제주시
제주시,제주시 교통행정과,제주특별자치도 제주시 일도이동 358-7,교통단속,33.507,126.540,제주시
제주시,제주시 교통행정과,제주특별자치도 제주시 일도이동 356-16,교통단속,33.509,126.542,제주시
제주시,제주시 교통행정과,제주특별자치도 제주시 이도일동 1244-7,교통단속,33.503,126.534,제주시
제주시,제주시 교통행정과,제주특별자치도 제주시 이도이동 1174-2,교통단속,33.502,126.532,제주시
제주시,제주시 교통행정과,제주특별자치도 제주시 삼도일동 559-11,교통단속,33.500,126.525,제주시
제주시,제주시 교통행정과,제주특별자치도 제주시 삼도일동 579-5,교통단속,33.500,126.523,제주시
제주시,제주시 교통행정과,제주특별자치도 제주시 삼도일동 534-10,교통단속,33.500,126.520,제주시
한림읍,제주시 교통행정과,제주특별자치도 제주시 한림읍 동명리 1592-3,교통단속,33.410,126.266,제주시
한림읍,제주시 교통행정과,제주특별자치도 제주시 한림읍 한림리 1558-5,교통단속,33.409,126.264,제주시
제주시,제주시 교통행정과,제주특별자치도 제주시 노형동 2582-2,교통단속,33.489,126.472,제주시
제주시,제주시 교통행정과,제주특별자치도 제주시 노형동 1282-1,교통단속,33.486,126.478,제주시
제주시,제주시 교통행정과,제주특별자치도 제주시 노형동 706,교통단속,33.482,126.478,제주시
제주시,제주시 교통행정과,제주특별자치도 제주시 노형동 3797,교통단속,33.482,126.477,제주시
제주시,제주시 교통행정과,제주특별자치도 제주시 노형동 3782-7,교통단속,33.484,126.479,제주시
제주시,제주시 교통행정과,제주특별자치도 제주시 일도일동 1210,교통단속,33.514,126.528,제주시
제주시,제주시 교통행정과,제주특별자치도 제주시 아라일동 6093-7,교통단속,33.473,126.544,제주시
제주시,제주시 교통행정과,제주특별자치도 제주시 이도이동 1026-12,교통단속,33.493,126.536,제주시
제주시,제주시 교통행정과,제주특별자치도 제주시 도남동 101-1,교통단속,33.489,126.529,제주시
제주시,제주시 교통행정과,제주특별자치도 제주시 도남동 651,교통단속,33.488,126.526,제주시
제주시,제주시 교통행정과,제주특별자치도 제주시 삼도일동 1227-33,교통단속,33.509,126.518,제주시
제주시,제주시 교통행정과,제주특별자치도 제주시 삼도일동 1227-33,교통단속,33.510,126.518,제주시
제주시,제주시 교통행정과,제주특별자치도 제주시 이도이동 1963-7,교통단속,33.493,126.545,제주시
제주시,제주시 교통행정과,제주특별자치도 제주시 삼도일동 536,교통단속,33.502,126.520,제주시
제주시,제주시 교통행정과,제주특별자치도 제주시 연동 292-27,교통단속,33.490,126.495,제주시
제주시,제주시 교통행정과,제주특별자치도 제주시 연동 271-24,교통단속,33.490,126.492,제주시
제주시,제주시 교통행정과,제주특별자치도 제주시 이도이동 1176-53,교통단속,33.500,126.531,제주시
제주시,제주시 교통행정과,제주특별자치도 제주시 일도일동 1425-3,교통단속,33.513,126.525,제주시
조천읍,제주시 교통행정과,제주특별자치도 제주시 조천읍 함덕리 1004-27,교통단속,33.543,126.668,제주시
조천읍,제주시 교통행정과,제주특별자치도 제주시 조천읍 함덕리 산 14-58,교통단속,33.543,126.670,제주시
조천읍,제주시 교통행정과,제주특별자치도 제주시 조천읍 함덕리 1010,교통단속,33.544,126.664,제주시
조천읍,제주시 교통행정과,제주특별자치도 제주시 조천읍 신촌리 1792-1,교통단속,33.534,126.621,제주시
조천읍,제주시 교통행정과,제주특별자치도 제주시 조천읍 조천리 2345-6,교통단속,33.538,126.640,제주시
조천읍,제주시 교통행정과,제주특별자치도 제주시 조천읍 조천리 2366,교통단속,33.537,126.638,제주시
조천읍,제주시 교통행정과,제주특별자치도 제주시 조천읍 조천리 2211-4,교통단속,33.535,126.636,제주시
제주시,제주시 교통행정과,제주특별자치도 제주시 노형동 737-2,교통단속,33.479,126.481,제주시
제주시,제주시 교통행정과,제주특별자치도 제주시 노형동 735-8,교통단속,33.479,126.480,제주시
제주시,제주시 교통행정과,제주특별자치도 제주시 노형동 918,교통단속,33.486,126.480,제주시
제주시,제주시 교통행정과,제주특별자치도 제주시 삼양이동 2300-6,교통단속,33.517,126.581,제주시
제주시,제주시 교통행정과,제주특별자치도 제주시 도련일동 1938-5,교통단속,33.514,126.581,제주시
제주시,제주시 교통행정과,제주특별자치도 제주시 도련일동 1976-1,교통단속,33.516,126.581,제주시
제주시,제주시 교통행정과,제주특별자치도 제주시 노형동 917-10,교통단속,33.486,126.486,제주시
제주시,제주시 교통행정과,제주특별자치도 제주시 연동 263-1,교통단속,33.486,126.490,제주시
제주시,제주시 교통행정과,제주특별자치도 제주시 연동 274-46,교통단속,33.486,126.492,제주시
제주시,제주시 교통행정과,제주특별자치도 제주시 연동 293-36,교통단속,33.486,126.494,제주시
제주시,제주시 교통행정과,제주특별자치도 제주시 연동 303-15,교통단속,33.486,126.497,제주시
애월읍,제주시 교통행정과,제주특별자치도 제주시 애월읍 하귀1리 138-1,교통단속,33.486,126.415,제주시
애월읍,제주시 교통행정과,제주특별자치도 제주시 애월읍 하귀1리 214-1,교통단속,33.483,126.413,제주시
애월읍,제주시 교통행정과,제주특별자치도 제주시 애월읍 하귀1리 189-10,교통단속,33.485,126.413,제주시
제주시,제주시 교통행정과,제주특별자치도 제주시 도남동 669-2,교통단속,33.487,126.520,제주시
제주시,제주시 교통행정과,제주특별자치도 제주시 도남동 573-1,교통단속,33.490,126.520,제주시
제주시,제주시 교통행정과,제주특별자치도 제주시 이도이동 1052-2,교통단속,33.497,126.535,제주시
제주시,제주시 교통행정과,제주특별자치도 제주시 도련이동 551,교통단속,33.515,126.589,제주시
제주시,제주시 교통행정과,제주특별자치도 제주시 아라일동 6078-6,교통단속,33.469,126.546,제주시
제주시,제주시 교통행정과,제주특별자치도 제주시 오라이동 1354-9,교통단속,33.489,126.511,제주시
제주시,제주시 교통행정과,제주특별자치도 제주시 오라이동 1837,교통단속,33.488,126.510,제주시
제주시,제주시 교통행정과,제주특별자치도 제주시 오라이동 3030-1,교통단속,33.486,126.506,제주시
제주시,제주시 교통행정과,제주특별자치도 제주시 오라이동 1920-1,교통단속,33.487,126.507,제주시
제주시,제주시 교통행정과,제주특별자치도 제주시 오라삼동 2241-4,교통단속,33.498,126.507,제주시
제주시,제주시 교통행정과,제주특별자치도 제주시 오라이동 2216-1,교통단속,33.496,126.509,제주시
제주시,제주시 교통행정과,제주특별자치도 제주시 연동 1457-1,교통단속,33.481,126.490,제주시
제주시,제주시 교통행정과,제주특별자치도 제주시 연동 1498,교통단속,33.479,126.490,제주시
제주시,제주시 교통행정과,제주특별자치도 제주시 연동 275,교통단속,33.484,126.490,제주시
제주시,제주시 교통행정과,제주특별자치도 제주시 용담이동 592-7,교통단속,33.513,126.507,제주시
제주시,제주시 교통행정과,제주특별자치도 제주시 용담이동 595-2,교통단속,33.513,126.509,제주시
제주시,제주시 교통행정과,제주특별자치도 제주시 도남동 180-1,교통단속,33.487,126.530,제주시
제주시,제주시 교통행정과,제주특별자치도 제주시 도남동 168-2,교통단속,33.486,126.530,제주시
제주시,제주시 교통행정과,제주특별자치도 제주시 도남동 220-2,교통단속,33.484,126.530,제주시
제주시,제주시 교통행정과,제주특별자치도 제주시 도남동 214-1,교통단속,33.482,126.530,제주시
제주시,제주시 교통행정과,제주특별자치도 제주시 오라일동 1165,교통단속,33.496,126.513,제주시
구좌읍,제주시 교통행정과,제주특별자치도 제주시 구좌읍 월정리 544,교통단속,33.556,126.796,제주시
구좌읍,제주시 교통행정과,제주특별자치도 제주시 구좌읍 월정리 6,교통단속,33.555,126.797,제주시
제주시,제주시 교통행정과,제주특별자치도 제주시 노형동 707,교통단속,33.482,126.481,제주시
제주시,제주시 교통행정과,제주특별자치도 제주시 화북일동 29-3,교통단속,33.520,126.573,제주시
제주시,제주시 교통행정과,제주특별자치도 제주시 봉개동 1795-1,교통단속,33.493,126.594,제주시
조천읍,제주시 교통행정과,제주특별자치도 제주시 조천읍 함덕리 962,교통단속,33.541,126.669,제주시
제주시,제주시 교통행정과,제주특별자치도 제주시 이도이동 1058-24,교통단속,33.495,126.535,제주시
제주시,제주시 교통행정과,제주특별자치도 제주시 노형동 929-15,교통단속,33.484,126.482,제주시
제주시,제주시 교통행정과,제주특별자치도 제주시 용담일동 2578-3,교통단속,33.505,126.514,제주시
제주시,제주시 교통행정과,제주특별자치도 제주시 용담일동 2578-3,교통단속,33.505,126.515,제주시
제주시,제주시 교통행정과,제주특별자치도 제주시 이도이동 1180-13,교통단속,33.498,126.531,제주시
제주시,제주시 교통행정과,제주특별자치도 제주시 일도일동 1277-19,교통단속,33.516,126.525,제주시
애월읍,제주시 교통행정과,제주특별자치도 제주시 애월읍 하귀1리 154-1,교통단속,33.485,126.417,제주시
제주시,제주시 교통행정과,제주특별자치도 제주시 연동 2476-3,교통단속,33.495,126.478,제주시
제주시,제주시 교통행정과,제주특별자치도 제주시 이도이동 1019-11,교통단속,33.495,126.534,제주시
제주시,제주시 교통행정과,제주특별자치도 제주시 이도일동 1413-1,교통단속,33.511,126.524,제주시
제주시,제주시 교통행정과,제주특별자치도 제주시 이도이동 1060-9,교통단속,33.496,126.536,제주시
제주시,제주시 교통행정과,제주특별자치도 제주시 이도이동 1061-10,교통단속,33.498,126.538,제주시
제주시,제주시 교통행정과,제주특별자치도 제주시 영평동 2169-3,교통단속,33.455,126.571,제주시
제주시,제주시 교통행정과,제주특별자치도 제주시 영평동 2169-18,교통단속,33.452,126.571,제주시
제주시,제주시 교통행정과,제주특별자치도 제주시 영평동 2230-3,교통단속,33.449,126.571,제주시
제주시,제주시 교통행정과,제주특별자치도 제주시 용담이동 1719-4,교통단속,33.499,126.497,제주시
제주시,제주시 교통행정과,제주특별자치도 제주시 노형동 928,교통단속,33.486,126.482,제주시
제주시,제주시 교통행정과,제주특별자치도 제주시 노형동 903-5,교통단속,33.486,126.481,제주시
제주시,제주시 교통행정과,제주특별자치도 제주시 노형동 919,교통단속,33.485,126.480,제주시
제주시,제주시 교통행정과,제주특별자치도 제주시 노형동 919,교통단속,33.484,126.481,제주시
제주시,제주시 교통행정과,제주특별자치도 제주시 도련일동 1766-5,교통단속,33.511,126.589,제주시
제주시,제주시 교통행정과,제주특별자치도 제주시 이도이동 1920,교통단속,33.487,126.532,제주시
제주시,제주시 교통행정과,제주특별자치도 제주시 노형동 2584-1,교통단속,33.486,126.471,제주시
제주시,제주시 교통행정과,제주특별자치도 제주시 노형동 2569,교통단속,33.488,126.469,제주시
제주시,제주시 교통행정과,제주특별자치도 제주시 삼양이동 2135-8,교통단속,33.521,126.585,제주시
제주시,제주시 교통행정과,제주특별자치도 제주시 연동 251-57,교통단속,33.490,126.487,제주시
제주시,제주시 교통행정과,제주특별자치도 제주시 연동 2319-5,교통단속,33.491,126.485,제주시
제주시,제주시 교통행정과,제주특별자치도 제주시 화북일동 1019-1,교통단속,33.514,126.575,제주시
제주시,제주시 교통행정과,제주특별자치도 제주시 노형동 1284-6,교통단속,33.485,126.476,제주시
제주시,제주시 교통행정과,제주특별자치도 제주시 일도이동 89,교통단속,33.501,126.548,제주시
제주시,제주시 교통행정과,제주특별자치도 제주시 삼도이동 303-9,교통단속,33.504,126.525,제주시
제주시,제주시 교통행정과,제주특별자치도 제주시 삼도이동 100-3,교통단속,33.513,126.523,제주시
제주시,제주시 교통행정과,제주특별자치도 제주시 삼도일동 504-18,교통단속,33.502,126.517,제주시
제주시,제주시 교통행정과,제주특별자치도 제주시 삼도일동 511-13,교통단속,33.503,126.517,제주시
제주시,제주시 교통행정과,제주특별자치도 제주시 아라이동 1575-1,교통단속,33.478,126.544,제주시
제주시,제주시 교통행정과,제주특별자치도 제주시 봉개동 1855,교통단속,33.490,126.596,제주시
한림읍,제주시 교통행정과,제주특별자치도 제주시 한림읍 한림리 1528-6,교통단속,33.411,126.263,제주시
애월읍,제주시 교통행정과,제주특별자치도 제주시 애월읍 하귀2리 1388-2,교통단속,33.481,126.404,제주시
제주시,제주시 교통행정과,제주특별자치도 제주시 오라이동 1371-4,교통단속,33.489,126.513,제주시
제주시,제주시 교통행정과,제주특별자치도 제주시 도련이동 550,교통단속,33.514,126.584,제주시
제주시,제주시 교통행정과,제주특별자치도 제주시 이도이동 1974-5,교통단속,33.492,126.540,제주시
애월읍,제주시 교통행정과,제주특별자치도 제주시 애월읍 광령리 1333-12,교통단속,33.461,126.438,제주시
제주시,제주시 교통행정과,제주특별자치도 제주시 일도이동 352,교통단속,33.507,126.539,제주시
제주시,제주시 교통행정과,제주특별자치도 제주시 외도이동 234-23,교통단속,33.494,126.434,제주시
조천읍,제주시 교통행정과,제주특별자치도 제주시 조천읍 교래리 산 137-22,교통단속,33.385,126.620,제주시
조천읍,제주시 교통행정과,제주특별자치도 제주시 조천읍 교래리 산 137-22,교통단속,33.387,126.618,제주시
제주시,제주시 교통행정과,제주특별자치도 제주시 건입동 984-124,교통단속,33.518,126.534,제주시
제주시,제주시 교통행정과,제주특별자치도 제주시 건입동 908-26,교통단속,33.522,126.545,제주시
제주시,제주시 교통행정과,제주특별자치도 제주시 건입동 1453-1,교통단속,33.523,126.547,제주시
한림읍,제주시 교통행정과,제주특별자치도 제주시 한림읍 옹포리 220-4,교통단속,33.405,126.256,제주시
한림읍,제주시 교통행정과,제주특별자치도 제주시 한림읍 옹포리 403-1,교통단속,33.407,126.257,제주시
